,delta.rank,pval,level,nseqs,term,name,p.adj
14,-2381,0.00546583463149298,5,8,GO:0000076,DNA replication checkpoint,0.0461577023386253
23,599,0.00103865360919094,2,180,GO:0000122,negative regulation of transcription from RNA polymerase II promoter,0.013470038994195
28,1229,0.00638349497534618,4,29,GO:0000184,nuclear-transcribed mRNA catabolic process, nonsense-mediated decay,0.0512266654789521
32,603,0.0120122886550629,9,103,GO:0000209,protein polyubiquitination,0.081152787309204
37,-1180,0.00886085043758806,2,29,GO:0000272,polysaccharide catabolic process,0.064895581228426
38,-1194,6.11888230497601e-06,3,85,GO:0000278,mitotic cell cycle,0.000244597535477965
39,-545,0.00028583752065673,2,269,GO:0000280;GO:0048285;GO:0007067,organelle fission,0.00512566665128272
45,-2172,0.00718583689415184,3,9,GO:0000303;GO:0019430;GO:0071451,response to superoxide,0.0554030025083896
48,-1390,0.0103596843332327,4,20,GO:0000387,spliceosomal snRNP assembly,0.0734021536293683
49,-1928,7.12277189993687e-05,2,25,GO:0000413,protein peptidyl-prolyl isomerization,0.00176851729652279
69,1374,0.000105816200698343,2,47,GO:0001503,ossification,0.00243965129387846
72,1361,0.0144690913073731,2,19,GO:0001508,action potential,0.0911772456570908
76,-1429,0.00390989359279292,4,24,GO:0001523;GO:0016101,diterpenoid metabolic process,0.0357713840500479
99,654,0.0155998917996645,3,81,GO:0001701;GO:0043009;GO:0009792,embryo development ending in birth or egg hatching,0.0956069318101801
105,-2392,0.000133474472101608,4,15,GO:0001731,formation of translation preinitiation complex,0.00289360702578486
112,1519,5.03023339752791e-05,2,42,GO:0001764,neuron migration,0.00129317062122288
119,1043,1.86916552093276e-05,2,100,GO:0001817,regulation of cytokine production,0.000583862993366631
120,1365,0.00123936403994059,2,33,GO:0001818,negative regulation of cytokine production,0.0153861219488351
121,880,0.0162205466930697,2,44,GO:0001819,positive regulation of cytokine production,0.0981681002986823
122,849,0.0030640405606638,2,72,GO:0001822,kidney development,0.0297693572867169
126,1315,0.0093193064404756,2,23,GO:0001837,epithelial to mesenchymal transition,0.0674870695474164
127,1774,0.00343215080008118,4,16,GO:0001838;GO:0072175,epithelial tube formation,0.0329056042053988
128,1878,0.0101879385801856,3,11,GO:0001841,neural tube formation,0.0723617642431275
136,-2369,1.71951021311032e-06,1,24,GO:0001906;GO:0031640;GO:0044364;GO:0019835;GO:0044179;GO:0051715,cell killing,8.18881503128767e-05
139,689,4.87468913296687e-05,4,209,GO:0001934,positive regulation of protein phosphorylation,0.0012873610846608
144,1274,0.000373919613722547,5,46,GO:0001947;GO:0003143,embryonic heart tube morphogenesis,0.00616428474737612
156,806,8.93033817815259e-05,2,141,GO:0002009;GO:0048729,tissue morphogenesis,0.00210915710630352
157,2204,0.000431717221854678,3,15,GO:0002011,morphogenesis of an epithelial sheet,0.00685421032246219
159,1756,0.00213025252705578,3,18,GO:0002027,regulation of heart rate,0.0232645999665302
181,1778,0.00606328477888377,3,14,GO:0002250;GO:0002460,adaptive immune response,0.0497566166176761
182,680,0.00624474389930442,2,96,GO:0002252,immune effector process,0.0506731313616741
183,933,0.00065686082238556,2,79,GO:0002253;GO:0002757;GO:0002764,immune response-regulating signaling pathway,0.00960511708131251
189,2316,0.0114633363498335,4,7,GO:0002313;GO:0002315,mature B cell differentiation involved in immune response,0.078171342948982
190,2399,0.0017496034610476,3,10,GO:0002335,mature B cell differentiation,0.0198538986497784
192,1269,0.0104066786822529,6,24,GO:0002429;GO:0050851,immune response-activating cell surface receptor signaling pathway,0.0735557215862401
195,1851,0.00591211024523182,2,13,GO:0002443,leukocyte mediated immunity,0.0487917052909046
197,2009,0.0129180490466382,4,9,GO:0002449,lymphocyte mediated immunity,0.0850505264174131
198,-2506,2.04732149262095e-05,2,17,GO:0002474,antigen processing and presentation of peptide antigen via MHC class I,0.000619528014173319
199,-1669,0.0100183522244159,4,14,GO:0002479;GO:0042590;GO:0006521;GO:0051352;GO:0051436;GO:0051444,negative regulation of ligase activity,0.0715069120686196
201,764,0.0126691049626178,2,63,GO:0002521,leukocyte differentiation,0.0840268262931614
208,464,0.00589973266021802,3,212,GO:0002682,regulation of immune system process,0.0487917052909046
210,684,0.00370405082056876,4,107,GO:0002684,positive regulation of immune system process,0.0342683682603575
217,882,0.0148344796903372,2,45,GO:0002697,regulation of immune effector process,0.0926756204310313
219,1488,0.0114315058026214,2,17,GO:0002699;GO:0002703,regulation of leukocyte mediated immunity,0.078171342948982
224,1144,0.0142628526145318,3,27,GO:0002761;GO:0002763;GO:0045639,positive regulation of myeloid cell differentiation,0.0902692523860891
225,1135,0.00276689643161927,5,41,GO:0002768,immune response-regulating cell surface receptor signaling pathway,0.028302232865683
235,907,0.000159417790649516,4,103,GO:0003002,regionalization,0.00330791915597746
238,747,3.07249701771478e-09,2,388,GO:0003008,system process,3.7190015985256e-07
239,943,0.0108687685719176,4,43,GO:0003012;GO:0006936,muscle system process,0.0755353413909584
240,889,0.014053577911739,4,45,GO:0003013,circulatory system process,0.089334012764993
250,2043,0.0114487301696144,2,9,GO:0003179,heart valve morphogenesis,0.078171342948982
256,1633,0.00029063115801219,3,29,GO:0003279,cardiac septum development,0.0051796534602786
258,1451,0.000230494383499465,2,38,GO:0003341,cilium movement,0.00437638028801272
259,2428,0.0046118200875452,2,8,GO:0003344,pericardium morphogenesis,0.0405284765153847
260,1375,0.00461787460467894,3,25,GO:0003351,epithelial cilium movement,0.0405284765153847
266,-765,9.51956062729791e-10,2,394,GO:0005975,carbohydrate metabolic process,1.53635131235002e-07
267,-1198,0.000560376508237302,2,49,GO:0005976,polysaccharide metabolic process,0.00856786187594401
269,-1364,1.76400773992545e-07,2,87,GO:0005996;GO:0019318,monosaccharide metabolic process,1.28111062112086e-05
271,-1170,0.000664758072229063,2,50,GO:0006006,glucose metabolic process,0.00965561099912714
275,-1237,3.15910334232651e-05,3,67,GO:0006022,aminoglycan metabolic process,0.000890989826161021
279,-1772,6.34511134762263e-05,2,30,GO:0006030,chitin metabolic process,0.00158901279869343
280,-1351,0.000225559221181765,2,44,GO:0006040;GO:1901071,amino sugar metabolic process,0.00431085222061202
287,-1676,0.0015463064492609,2,21,GO:0006081,cellular aldehyde metabolic process,0.0181129848189634
288,-1003,2.62902803949937e-19,2,501,GO:0006082;GO:0019752;GO:0043436,organic acid metabolic process,2.54577548491522e-16
289,-2122,0.00242781900269649,3,12,GO:0006084,acetyl-CoA metabolic process,0.0257368002516383
290,-2394,0.0155320067887526,5,6,GO:0006085,acetyl-CoA biosynthetic process,0.0953921347173918
291,-1212,0.00821663440375129,6,28,GO:0006090,pyruvate metabolic process,0.0618376242043977
295,-2459,0.00133856113329154,6,10,GO:0006098;GO:0006740,pentose-phosphate shunt,0.0163144659337305
296,-1501,0.000468855572073185,2,32,GO:0006099,tricarboxylic acid cycle,0.00736229965877082
305,569,8.36778851373002e-05,3,291,GO:0006140;GO:1900542,regulation of nucleotide metabolic process,0.00200896079606493
306,-1385,0.00886869044670745,2,21,GO:0006144,purine nucleobase metabolic process,0.064895581228426
308,-282,0.0147165044903905,3,466,GO:0006152;GO:0009164;GO:0072523;GO:1901136;GO:1901658;GO:0006195;GO:0009166;GO:1901292;GO:0046434;GO:0009154;GO:0009207;GO:0046130;GO:0009261;GO:0009146;GO:0009203;GO:0009205;GO:0009144;GO:0009199;GO:0009141;GO:0042454;GO:0009143,carbohydrate derivative catabolic process,0.0922551214504816
326,-2341,0.0105969255366222,5,7,GO:0006268,DNA unwinding involved in DNA replication,0.0741784787563554
327,-1893,0.00348055429885045,2,14,GO:0006270,DNA replication initiation,0.0330425171181718
330,1024,3.20299137918631e-07,4,149,GO:0006278,RNA-dependent DNA replication,1.93847707427838e-05
346,-1790,0.00174587330494769,2,18,GO:0006333,chromatin assembly or disassembly,0.0198538986497784
347,-1375,0.000573946601686184,3,37,GO:0006334;GO:0065004,protein-DNA complex assembly,0.00872939726648359
351,-1485,0.0115660333123024,2,17,GO:0006342;GO:0045814,negative regulation of gene expression, epigenetic,0.0786869479443524
353,448,2.29506567904266e-07,4,873,GO:0006351;GO:0032774,RNA biosynthetic process,1.55050367386487e-05
358,708,1.64266500633434e-09,7,450,GO:0006357,regulation of transcription from RNA polymerase II promoter,2.37436335863534e-07
360,-1688,0.0158431496658412,6,12,GO:0006360,transcription from RNA polymerase I promoter,0.0962852505842441
366,1806,0.0134734857390576,4,11,GO:0006376,mRNA splice site selection,0.0869788357154718
370,-306,0.0153368143664305,2,386,GO:0006396,RNA processing,0.0947945653925119
372,-683,0.0164877028634155,2,73,GO:0006399,tRNA metabolic process,0.0991651693959048
378,727,1.76823056891067e-05,3,210,GO:0006412,translation,0.000564473604690714
379,-1027,0.00209860439092464,3,53,GO:0006413,translational initiation,0.0230925975592276
380,1795,0.00038845946349939,2,23,GO:0006414,translational elongation,0.00633974573857151
387,-1650,6.4095908276415e-12,4,103,GO:0006457,protein folding,2.06887348381095e-09
388,-2982,0.00113171257599057,7,7,GO:0006458;GO:0051084,'de novo' posttranslational protein folding,0.0144194080405816
392,789,0.0029893768187788,6,84,GO:0006470,protein dephosphorylation,0.0297497444031644
398,-1266,0.000543964118372099,6,44,GO:0006487,protein N-linked glycosylation,0.00840540299931355
403,-566,5.47470485008887e-09,4,679,GO:0006508,proteolysis,6.36160703580327e-07
405,-590,0.000923657541236758,6,189,GO:0006511;GO:0019941;GO:0043632;GO:0051603,proteolysis involved in cellular protein catabolic process,0.0123650928907501
409,-1338,3.79230642158448e-05,3,56,GO:0006518,peptide metabolic process,0.00105929328410605
410,-998,5.63194281426883e-11,3,261,GO:0006520,cellular amino acid metabolic process,1.48734489776827e-08
425,-2097,0.00623204904839797,2,10,GO:0006563,L-serine metabolic process,0.0506731313616741
426,-3102,0.00172068741414209,2,6,GO:0006564,L-serine biosynthetic process,0.0196795155042629
430,-2449,0.000805321049064854,5,11,GO:0006569;GO:0046218;GO:0042436;GO:0070189,tryptophan catabolic process,0.0112473925362183
433,-1272,1.81590335623707e-07,6,100,GO:0006575,cellular modified amino acid metabolic process,1.28663396338261e-05
452,-289,0.0105084145124003,2,490,GO:0006629,lipid metabolic process,0.073808673131065
453,-713,0.000657975318134661,2,136,GO:0006631,fatty acid metabolic process,0.00960511708131251
456,-1257,0.00527613798880344,3,29,GO:0006637;GO:0035383,thioester metabolic process,0.0449477444500704
470,-1857,0.00798610135230102,5,12,GO:0006692;GO:0006693,prostanoid metabolic process,0.0604156886157148
479,-976,3.15770172609757e-06,3,136,GO:0006732;GO:0051186,cofactor metabolic process,0.000132943819048021
480,-1131,0.00659877342012362,2,34,GO:0006733,oxidoreduction coenzyme metabolic process,0.051983118117108
481,-1951,0.00128847686882459,7,16,GO:0006739,NADP metabolic process,0.0159277672507891
483,-1500,0.00107165129543936,2,28,GO:0006749,glutathione metabolic process,0.0137143040231337
486,-1927,0.00293746619517224,3,14,GO:0006754;GO:0015985;GO:0015986,ATP biosynthetic process,0.0297328895364995
494,-936,2.74831834550984e-06,2,150,GO:0006790,sulfur compound metabolic process,0.000120967648389486
495,-1512,0.0126583500625437,3,16,GO:0006801,superoxide metabolic process,0.0840268262931614
497,403,1.58583713931899e-05,3,740,GO:0006811;GO:0055085,transmembrane transport,0.000523506464741098
498,645,1.07726595055556e-07,2,419,GO:0006812,cation transport,8.45799347665919e-06
499,1592,7.63162550255265e-09,4,78,GO:0006813;GO:0071804;GO:0071805,potassium ion transport,7.91781145889837e-07
500,852,0.00296916660355058,2,72,GO:0006814,sodium ion transport,0.0297428585631532
501,1278,2.67738876718249e-10,2,146,GO:0006816;GO:0070838;GO:0072511,divalent inorganic cation transport,5.55558169190367e-08
502,-1155,0.000208338425501353,2,61,GO:0006818;GO:1902600;GO:0015992,hydrogen transport,0.00412311321319775
503,462,0.0152591377300845,2,165,GO:0006820,anion transport,0.0947175109100331
504,1210,0.00551252436168385,2,31,GO:0006821;GO:1902476,chloride transport,0.0464170529585263
510,-1004,0.0131026150946647,3,36,GO:0006839,mitochondrial transport,0.0857276956081102
515,579,0.0112829012326307,3,114,GO:0006873;GO:0055082;GO:0006875;GO:0030003,cellular chemical homeostasis,0.0774865912075465
516,998,0.000245916886199629,2,80,GO:0006874;GO:0055074;GO:0072503;GO:0072507,divalent inorganic cation homeostasis,0.00455024556948995
522,-395,0.0111755436663158,2,249,GO:0006886,intracellular protein transport,0.0769311714470318
545,556,1.84386723731745e-06,2,457,GO:0006928,cellular component movement,8.57453734849089e-05
548,1181,0.000759863665733928,4,48,GO:0006937;GO:0090257,regulation of muscle system process,0.010767824141254
550,1533,0.00304080057697021,2,22,GO:0006940,regulation of smooth muscle contraction,0.029758158881979
552,1686,0.00709504986176147,2,15,GO:0006942;GO:0055117,regulation of striated muscle contraction,0.0550513883321542
553,484,0.000810928855453046,3,291,GO:0006952,defense response,0.0112715230865603
555,700,2.23244103656359e-05,2,221,GO:0006955;GO:0045087,immune response,0.000661759307267064
578,630,0.00142770802674246,2,153,GO:0007018,microtubule-based movement,0.0168597228361254
589,-474,4.97040784943055e-05,2,454,GO:0007049,cell cycle,0.00129317062122288
593,-1698,1.28025840037882e-06,2,48,GO:0007059,chromosome segregation,6.41232871224219e-05
599,-1118,0.00509072593830415,2,37,GO:0007088;GO:0051783,regulation of nuclear division,0.0436240674064117
603,-1656,5.49746133408772e-07,5,54,GO:0007126,meiotic nuclear division,3.01323116519336e-05
607,812,3.62002136863743e-07,3,237,GO:0007154,cell communication,2.14615552569219e-05
609,1312,0.000395352050981041,2,43,GO:0007156,homophilic cell adhesion,0.00638054282277736
615,865,0.0027338424554088,2,71,GO:0007163,establishment or maintenance of cell polarity,0.0281624550814275
616,952,7.68273422123815e-29,4,900,GO:0007166,cell surface receptor signaling pathway,2.23183429126968e-25
617,643,2.32234304931737e-05,2,262,GO:0007167;GO:0007169,enzyme linked receptor protein signaling pathway,0.000681455207905753
624,1235,2.31653120749152e-19,2,324,GO:0007186,G-protein coupled receptor signaling pathway,2.54577548491522e-16
627,2222,0.00950791846796968,7,8,GO:0007190,activation of adenylate cyclase activity,0.0680307959346106
631,1987,0.00217296150918808,3,14,GO:0007200,phospholipase C-activating G-protein coupled receptor signaling pathway,0.0236421467572711
640,1582,5.36477454065306e-12,2,113,GO:0007218,neuropeptide signaling pathway,1.94808375507464e-09
646,1741,0.000334553492642677,4,25,GO:0007250;GO:1901222,regulation of NIK/NF-kappaB signaling,0.00571692880074692
654,1054,2.36815116719438e-08,2,168,GO:0007267;GO:0044700;GO:0023052,single organism signaling,2.14983723146865e-06
655,1380,6.65624987013797e-09,2,105,GO:0007268,synaptic transmission,7.43707918182723e-07
658,2414,0.0084059250588845,2,7,GO:0007271,synaptic transmission, cholinergic,0.0629361141651017
661,526,3.12514774433103e-07,2,597,GO:0007275,multicellular organismal development,1.93160727601737e-05
670,-2123,0.00561365458191541,4,10,GO:0007339;GO:0035036;GO:0009988,cell-cell recognition,0.0469961572347673
674,1056,0.001906121491828,2,51,GO:0007368;GO:0009855;GO:0009799,specification of symmetry,0.0212156434243691
676,870,1.55695215121544e-06,2,183,GO:0007389,pattern specification process,7.66601016827263e-05
680,580,0.00119690219862501,2,187,GO:0007399,nervous system development,0.0149227505880071
684,2044,0.000747587117409738,2,16,GO:0007413,axonal fasciculation,0.010645787137624
687,714,0.0100907862516284,3,77,GO:0007420,brain development,0.071847387404364
698,956,0.000195378199261411,2,90,GO:0007507,heart development,0.00394148381148888
699,1996,0.00923731877736034,4,10,GO:0007512,adult heart development,0.0672541630281498
714,-1192,0.0036825698339713,3,35,GO:0007586,digestion,0.0342683682603575
720,823,5.25327135078003e-06,5,184,GO:0007600,sensory perception,0.000218010761057371
721,679,0.00784989051230048,3,91,GO:0007601;GO:0050953,sensory perception of light stimulus,0.0596961569063688
724,1307,1.97900244590634e-05,3,63,GO:0007605;GO:0050954,sensory perception of mechanical stimulus,0.000605158116353465
727,773,7.87253036149257e-06,2,201,GO:0007610,behavior,0.000293201291027384
728,840,0.000943656835218297,5,92,GO:0007611;GO:0050890,cognition,0.0125236332592795
736,1108,0.000646570090903215,3,56,GO:0007626,locomotory behavior,0.00960511708131251
741,2402,0.00507157587078368,3,8,GO:0007638,mechanosensory behavior,0.0435885440965284
742,2487,0.0011753156582496,5,10,GO:0008015,blood circulation,0.0147804847931389
743,1127,0.00333818183328565,2,40,GO:0008016,regulation of heart contraction,0.0321106563764729
751,2123,0.0132541789577465,2,8,GO:0008063,Toll signaling pathway,0.086330470565591
752,-698,0.0156864395377765,5,71,GO:0008064;GO:0030832;GO:0030833;GO:0032271,regulation of protein polymerization,0.0959349618047173
767,654,8.90359204896894e-05,2,216,GO:0008284,positive regulation of cell proliferation,0.00210915710630352
771,1580,0.0035789674574351,3,20,GO:0008306,associative learning,0.0335383885930612
784,1155,6.14651293972166e-06,2,91,GO:0008543;GO:0044344;GO:0071774,response to fibroblast growth factor,0.000244597535477965
797,-855,0.00034921947704046,4,104,GO:0008652;GO:1901607,cellular amino acid biosynthetic process,0.0058640611607083
799,-1056,0.00659956567545391,2,39,GO:0009062;GO:0072329,monocarboxylic acid catabolic process,0.051983118117108
802,-984,0.00718999378508188,7,44,GO:0009066,aspartate family amino acid metabolic process,0.0554030025083896
808,-2362,0.000267692642864457,2,14,GO:0009074,aromatic amino acid family catabolic process,0.00489076509023248
815,-1419,0.00163482759130044,4,29,GO:0009112,nucleobase metabolic process,0.0189210125606684
824,-592,0.0132506664271647,4,104,GO:0009165;GO:1901293,nucleoside phosphate biosynthetic process,0.086330470565591
825,-1072,0.00306396060095491,6,45,GO:0009168;GO:0009127;GO:0009156;GO:0009124,nucleoside monophosphate biosynthetic process,0.0297693572867169
829,1697,0.00175941633103746,3,20,GO:0009187,cyclic nucleotide metabolic process,0.0198875659208709
837,-2832,0.00898133852549461,4,5,GO:0009235,cobalamin metabolic process,0.0655547447652308
846,-1680,0.00429134563552822,2,17,GO:0009311,oligosaccharide metabolic process,0.0382403652491088
851,-2353,0.000772100349844646,2,12,GO:0009405,pathogenesis,0.0108881141567898
864,1232,1.16979866786033e-07,3,110,GO:0009581;GO:0009582;GO:0051606,detection of stimulus,8.94280297403752e-06
866,1100,0.013023245180803,2,30,GO:0009593,detection of chemical stimulus,0.0854007387138436
868,500,1.31482530887279e-05,2,472,GO:0009605,response to external stimulus,0.000449360884973583
871,1292,9.97205708982528e-08,2,101,GO:0009612,response to mechanical stimulus,8.27256282981168e-06
875,593,1.58876722437106e-06,2,404,GO:0009628,response to abiotic stimulus,7.69228131132988e-05
881,591,1.63296543945734e-08,2,576,GO:0009653,anatomical structure morphogenesis,1.53024664568502e-06
882,369,0.00193571218919488,2,437,GO:0009719,response to endogenous stimulus,0.0214627630137829
888,1053,0.00749375139817541,2,38,GO:0009791,post-embryonic development,0.057438912431925
892,1166,0.0162811352666371,4,25,GO:0009880,embryonic pattern specification,0.0983299333671118
894,528,0.0030424004089321,2,189,GO:0009887,organ morphogenesis,0.029758158881979
895,708,8.06794786266841e-05,3,186,GO:0009888,tissue development,0.00195311571175431
896,672,1.9684779713162e-09,2,498,GO:0009891;GO:0010557;GO:0010628;GO:0031328;GO:0045893;GO:1902680;GO:0051254;GO:0045935;GO:0051173,positive regulation of biosynthetic process,2.59928568485162e-07
897,582,8.7236994128689e-11,2,806,GO:0009893;GO:0010604;GO:0031325,positive regulation of metabolic process,2.11186223286535e-08
905,842,0.0109147044865384,2,54,GO:0009952,anterior/posterior pattern specification,0.0756735478123963
908,633,1.3587371796294e-13,2,900,GO:0009966;GO:0010646;GO:0023051,regulation of cell communication,5.63875929546201e-11
909,737,1.51562034254121e-10,2,469,GO:0009967;GO:0010647;GO:0023056;GO:0048584,positive regulation of response to stimulus,3.38682853467863e-08
910,467,0.000348750394163473,2,359,GO:0009968;GO:0010648;GO:0023057;GO:0048585,negative regulation of response to stimulus,0.0058640611607083
923,399,0.0133909883357916,2,232,GO:0010243;GO:1901698,response to nitrogen compound,0.0866387998117474
934,2587,0.00253998997015627,4,8,GO:0010460,positive regulation of heart rate,0.0264468489724156
940,-854,0.000596955682573611,2,96,GO:0010498;GO:0043161,proteasomal protein catabolic process,0.0089852655848515
944,1257,0.0129405620228904,2,23,GO:0010517;GO:0060191,regulation of lipase activity,0.0850505264174131
957,446,1.914713320771e-05,3,580,GO:0010605;GO:0009892;GO:0031324,negative regulation of metabolic process,0.000591727893280825
961,470,7.33507452190702e-05,6,441,GO:0010629;GO:2000113;GO:0010558;GO:0031327;GO:0009890,negative regulation of biosynthetic process,0.00180579588865592
973,-1529,0.000693024176286073,2,29,GO:0010717;GO:0010718;GO:0010770,regulation of epithelial to mesenchymal transition,0.00996651105005466
1009,346,0.00289044892311624,4,459,GO:0010941;GO:0042981;GO:0043067,regulation of cell death,0.0294622951636936
1027,1870,0.0147343531532643,3,10,GO:0014029,neural crest formation,0.0922551214504816
1030,2626,0.0154108752560546,2,5,GO:0014056,regulation of acetylcholine secretion, neurotransmission,0.0950500904858569
1036,895,0.0124358987191107,2,46,GO:0014706;GO:0060537,muscle tissue development,0.0832402898134023
1043,1131,4.26624927741799e-07,2,119,GO:0015074,DNA integration,2.47869083017985e-05
1045,551,0.00137193368105723,3,203,GO:0015672,monovalent inorganic cation transport,0.0164071087268504
1049,1130,0.0022760754699007,2,43,GO:0015698,inorganic anion transport,0.024488886074302
1054,1540,0.0110908708000205,4,16,GO:0015804,neutral amino acid transport,0.0765296429312578
1071,-2161,0.000557438788300975,5,15,GO:0015988;GO:0015991,ATP hydrolysis coupled proton transport,0.00856786187594401
1073,-712,0.000347804861135716,2,151,GO:0016032;GO:0044403;GO:0044764;GO:0044419,multi-organism cellular process,0.0058640611607083
1076,1117,0.00256640864921135,2,43,GO:0016049,cell growth,0.0266264897355678
1078,-1210,0.00211936986481639,2,38,GO:0016051,carbohydrate biosynthetic process,0.0232330922916665
1079,-1023,0.000298312856193093,4,74,GO:0016052,carbohydrate catabolic process,0.00528413931244473
1080,779,0.000189888207231494,2,137,GO:0016055,Wnt signaling pathway,0.00385751917487755
1088,1316,0.0013477153022309,2,35,GO:0016202;GO:0048634;GO:1901861,regulation of muscle organ development,0.0163144659337305
1090,2617,0.0157349472480639,4,5,GO:0016236,macroautophagy,0.0960127083318693
1094,569,2.77623905798308e-07,2,510,GO:0016310;GO:0006468,phosphorylation,1.75325531813931e-05
1098,2512,0.00187849399204332,2,9,GO:0016339,calcium-dependent cell-cell adhesion,0.0209885578726379
1102,708,1.35911718827169e-05,4,228,GO:0016477;GO:0048870,cell motility,0.000459097143247588
1106,1453,0.0135264794459246,3,17,GO:0016525,negative regulation of angiogenesis,0.0870607891920405
1109,566,1.06305376137533e-06,3,461,GO:0016567;GO:0032446;GO:0070647,protein modification by small protein conjugation or removal,5.51459138713452e-05
1110,496,0.0104965588029558,4,159,GO:0016569;GO:0016570,covalent chromatin modification,0.073808673131065
1135,1145,6.81519617633576e-07,4,112,GO:0018108;GO:0018212,peptidyl-tyrosine phosphorylation,3.5996627076828e-05
1138,361,0.00542914931869659,2,364,GO:0018193,peptidyl-amino acid modification,0.0459815707603895
1139,-1683,0.000113369795709555,3,31,GO:0018196;GO:0018279,peptidyl-asparagine modification,0.00259322249241147
1143,835,0.00114032403598503,7,90,GO:0018205,peptidyl-lysine modification,0.0144656826398974
1144,-1413,0.000332817624489355,6,38,GO:0018208,peptidyl-proline modification,0.00571692880074692
1159,591,1.05768532840361e-09,2,680,GO:0019220;GO:0051174,regulation of phosphorus metabolic process,1.61714519948026e-07
1162,2091,0.00637445010216302,2,10,GO:0019228,neuronal action potential,0.0512266654789521
1169,-2433,0.000875359100556751,3,11,GO:0019321,pentose metabolic process,0.0118275264517087
1178,-2864,0.00380264983408185,2,6,GO:0019441,tryptophan catabolic process to kynurenine,0.0349579043291385
1184,-2327,0.00661305591806975,7,8,GO:0019674,NAD metabolic process,0.051983118117108
1196,947,0.0148709301007553,3,39,GO:0019932,second-messenger-mediated signaling,0.0927039741259531
1204,2687,0.00661617678206793,4,6,GO:0021545,cranial nerve development,0.051983118117108
1210,2085,0.00654040536996413,3,10,GO:0021675,nerve development,0.051983118117108
1239,-664,0.00643072945272845,2,100,GO:0022411,cellular component disassembly,0.0514635511299618
1242,1362,0.00710646148866018,2,23,GO:0022602,ovulation cycle process,0.0550513883321542
1243,530,0.000219997522390233,2,296,GO:0022603,regulation of anatomical structure morphogenesis,0.00423240266585183
1255,1059,7.39946257480954e-14,3,304,GO:0030001,metal ion transport,3.58257312997029e-11
1260,389,0.00299033575412186,2,358,GO:0030030,cell projection organization,0.0297497444031644
1273,669,0.00370100413476477,2,112,GO:0030111,regulation of Wnt signaling pathway,0.0342683682603575
1275,429,8.99183294002316e-06,2,684,GO:0030154,cell differentiation,0.000329597455649017
1278,-794,0.000210518812718964,3,130,GO:0030163,protein catabolic process,0.0041321429118148
1280,-2842,0.00407444701655767,3,6,GO:0030174,regulation of DNA-dependent DNA replication initiation,0.0367164258189551
1283,765,0.00245033510325289,4,93,GO:0030182,neuron differentiation,0.0257906647643103
1287,-1845,0.000916693876923818,2,19,GO:0030195;GO:0050819;GO:1900047;GO:0042730,negative regulation of coagulation,0.0123286838539986
1302,849,0.00375883455510267,2,69,GO:0030278,regulation of ossification,0.0346648075637246
1309,1547,0.00222937719912331,3,23,GO:0030323;GO:0090073,respiratory tube development,0.0241654506099001
1310,1083,0.00248866515649094,2,46,GO:0030324,lung development,0.0260056556820366
1317,-1280,0.0133310817499734,2,22,GO:0030433,ER-associated ubiquitin-dependent protein catabolic process,0.0866291866616679
1326,-1409,0.00938546509368545,2,20,GO:0030512,negative regulation of transforming growth factor beta receptor signaling pathway,0.0674870695474164
1329,2397,0.00515715644990173,5,8,GO:0030517,negative regulation of axon extension,0.0440633514322486
1333,965,0.0109414097083122,3,41,GO:0030534,adult behavior,0.0756780838158261
1334,-1277,0.00291230568541671,2,32,GO:0030574;GO:0032963;GO:0044243;GO:0044259;GO:0044236,multicellular organismal metabolic process,0.0295812867697047
1338,1715,1.71640724720627e-09,7,73,GO:0030799;GO:0030814,regulation of cyclic nucleotide metabolic process,2.37436335863534e-07
1339,1603,0.000596696948217365,4,27,GO:0030801;GO:0045981;GO:0030804;GO:0030810;GO:0030816;GO:1900544;GO:0030819;GO:1900373,positive regulation of nucleotide metabolic process,0.0089852655848515
1340,1590,2.96517240742342e-06,2,51,GO:0030802;GO:0030808;GO:0030817;GO:1900371,regulation of nucleotide biosynthetic process,0.000128131913380499
1382,-2655,0.000148872833024405,2,12,GO:0031145,anaphase-promoting complex-dependent proteasomal ubiquitin-dependent protein catabolic process,0.00316608061232854
1395,687,0.000652361420845797,2,147,GO:0031344;GO:0010975,regulation of cell projection organization,0.00960511708131251
1397,893,0.00137243628937165,2,76,GO:0031346,positive regulation of cell projection organization,0.0164071087268504
1400,940,0.00675519775076425,2,49,GO:0031349;GO:0045089,positive regulation of defense response,0.0526405561541602
1405,609,3.9065815439436e-08,3,509,GO:0031399;GO:0042325,regulation of phosphorylation,3.33782923092828e-06
1406,727,0.00138715678841252,3,115,GO:0031400,negative regulation of protein modification process,0.0165151248784359
1407,545,4.60485608660888e-05,4,342,GO:0031401;GO:0032270;GO:0051247,positive regulation of protein metabolic process,0.00125019690949521
1415,-2282,0.0127403415386362,4,7,GO:0031577,spindle checkpoint,0.0843068158763967
1420,-3773,0.000499588910465468,5,5,GO:0031639,plasminogen activation,0.00780271927366766
1443,1315,0.000206492903264677,3,47,GO:0032092;GO:0051099,positive regulation of binding,0.00412311321319775
1450,871,0.000430690729671927,2,97,GO:0032147,activation of protein kinase activity,0.00685421032246219
1460,376,4.82747090220121e-05,2,753,GO:0032268;GO:0051246,regulation of protein metabolic process,0.00128658742852243
1461,621,0.000308577040953287,2,203,GO:0032269;GO:0051248,negative regulation of protein metabolic process,0.00543282608466242
1467,778,0.00880554764316885,2,67,GO:0032319;GO:0032321,regulation of Rho GTPase activity,0.064895581228426
1476,635,0.00604864515248144,2,111,GO:0032386,regulation of intracellular transport,0.0497566166176761
1503,1683,0.00942081256933224,2,14,GO:0032648,regulation of interferon-beta production,0.0675739765775559
1508,2607,0.000672344484819637,3,10,GO:0032675,regulation of interleukin-6 production,0.00971721755423406
1510,2968,2.07731270108487e-07,3,18,GO:0032680,regulation of tumor necrosis factor production,1.4368079515837e-05
1511,2693,6.2087616216518e-05,3,13,GO:0032720,negative regulation of tumor necrosis factor production,0.00156838717486074
1519,-938,1.4354949850675e-08,5,220,GO:0032787,monocarboxylic acid metabolic process,1.43796997642106e-06
1520,2665,0.013934316676917,4,5,GO:0032793,positive regulation of CREB transcription factor activity,0.088965252629547
1522,682,0.00858558239318537,2,88,GO:0032844,regulation of homeostatic process,0.0636526782958591
1529,1035,0.000130068905482457,3,81,GO:0032872;GO:0070302;GO:0046328,regulation of stress-activated protein kinase signaling cascade,0.00284097872501156
1531,1585,0.000177062413093722,6,33,GO:0032874;GO:0070304;GO:0046330,positive regulation of stress-activated protein kinase signaling cascade,0.00362229795800889
1533,452,1.00701429443543e-05,3,605,GO:0032879,regulation of localization,0.000356753234796942
1546,500,0.00134783883789856,3,249,GO:0032989,cellular component morphogenesis,0.0163144659337305
1570,2429,0.0140899607435542,6,6,GO:0033275,actin-myosin filament sliding,0.0893697291703602
1578,1419,0.00734188175875814,3,21,GO:0033555,multicellular organismal response to stress,0.0564237209237894
1587,2105,0.00263291566153512,3,12,GO:0033688,regulation of osteoblast proliferation,0.0272192882446958
1588,2582,0.00139842996550832,3,9,GO:0033690;GO:0042249;GO:0043932;GO:0090177,establishment of planar polarity of embryonic epithelium,0.0165813838767415
1592,1820,0.00364202560939418,2,15,GO:0034103,regulation of tissue remodeling,0.0340195639719939
1593,2531,0.0105186887009504,2,6,GO:0034105,positive regulation of tissue remodeling,0.073808673131065
1601,968,5.77355857800336e-14,2,370,GO:0034220,ion transmembrane transport,3.35443753381995e-11
1605,-1958,0.000216277498662374,2,21,GO:0034308;GO:0042572,primary alcohol metabolic process,0.00418857422409464
1620,-3122,0.00396809050098292,3,5,GO:0034501,protein localization to kinetochore,0.0361357457848131
1629,-539,0.000645253836684081,2,242,GO:0034622,cellular macromolecular complex assembly,0.00960511708131251
1632,-406,0.0129170223662387,5,226,GO:0034660,ncRNA metabolic process,0.0850505264174131
1634,-809,0.0135461193510507,3,55,GO:0034728;GO:0071824,protein-DNA complex subunit organization,0.0870607891920405
1635,-1235,0.00300469513728712,2,34,GO:0034754,cellular hormone metabolic process,0.029758158881979
1637,1448,3.99244864175404e-10,2,111,GO:0034762;GO:0034765,regulation of transmembrane transport,6.82239017899734e-08
1646,999,0.00844177635864228,6,41,GO:0035023,regulation of Rho protein signal transduction,0.0630420573826628
1656,1813,0.000457260862544941,4,22,GO:0035094,response to nicotine,0.00721925437876659
1662,983,0.00295326577960583,2,54,GO:0035148,tube formation,0.0297428585631532
1672,1196,0.000157506032801415,3,59,GO:0035295,tube development,0.00329176277185691
1677,1235,0.000283842458325748,7,51,GO:0035335,peptidyl-tyrosine dephosphorylation,0.00512150522631241
1684,461,3.11706386667011e-05,2,509,GO:0035556,intracellular signal transduction,0.000887752013007517
1691,1442,9.91526463094579e-05,3,43,GO:0035725,sodium ion transmembrane transport,0.00232289062523367
1695,-1374,0.000208639463800368,2,43,GO:0035821,modification of morphology or physiology of other organism,0.00412311321319775
1719,654,7.5129094780787e-06,1,285,GO:0040011,locomotion,0.00028717107939235
1727,1865,0.00401132700671631,3,14,GO:0042035,regulation of cytokine biosynthetic process,0.0363018845934918
1735,2935,0.00301802738537984,2,6,GO:0042088,T-helper 1 type immune response,0.029758158881979
1737,1884,0.0139849231755431,3,10,GO:0042108,positive regulation of cytokine biosynthetic process,0.0890925478617384
1738,1092,0.00400524670312022,5,41,GO:0042110,T cell activation,0.0363018845934918
1740,537,1.70323188408782e-05,2,395,GO:0042127,regulation of cell proliferation,0.000549765402586124
1752,372,9.7446680148178e-06,2,932,GO:0042221;GO:0010033,response to chemical,0.00034948469855612
1757,-307,0.00438421085536411,2,541,GO:0042278;GO:0009116;GO:0072521;GO:0055086;GO:1901657;GO:0006163;GO:0009117;GO:0006753;GO:0009150;GO:0046128;GO:0009259;GO:0009119;GO:0019693,nucleobase-containing small molecule metabolic process,0.0388296723622949
1759,752,0.0157652536572467,2,61,GO:0042306;GO:0046822;GO:1900180,regulation of nucleocytoplasmic transport,0.0960127083318693
1764,1568,0.00482568676603964,2,19,GO:0042312,regulation of vasodilation,0.0419719163333687
1765,775,0.00106650268350733,8,106,GO:0042326;GO:0045936;GO:0010563,negative regulation of phosphate metabolic process,0.0137088066176495
1766,629,1.19047830104229e-05,4,295,GO:0042327;GO:0045937;GO:0010562,positive regulation of phosphate metabolic process,0.000411707079110459
1768,1685,0.0122201668666719,2,13,GO:0042345,regulation of NF-kappaB import into nucleus,0.0823656258646911
1772,1444,1.62560169806099e-07,3,78,GO:0042391,regulation of membrane potential,1.21086485458133e-05
1773,-1551,0.000102470510526678,5,37,GO:0042398,cellular modified amino acid biosynthetic process,0.00238141466464
1779,-1095,0.0085462146676292,3,34,GO:0042440,pigment metabolic process,0.0636526782958591
1791,-1940,0.0027567198126613,2,14,GO:0042537,benzene-containing compound metabolic process,0.0282977775822653
1795,-2422,0.00471393727741899,2,8,GO:0042559,pteridine-containing compound biosynthetic process,0.0412469511774162
1808,952,0.00560575386170967,9,50,GO:0042787,protein ubiquitination involved in ubiquitin-dependent protein catabolic process,0.0469961572347673
1814,1410,0.013639024049245,5,18,GO:0043010,camera-type eye development,0.0874643815961517
1816,-1861,0.00408349355596977,2,14,GO:0043046;GO:0034587,piRNA metabolic process,0.0367164258189551
1818,474,7.78050869620162e-06,3,559,GO:0043085;GO:0044093,positive regulation of molecular function,0.000293201291027384
1828,967,0.00134693709043905,2,65,GO:0043122,regulation of I-kappaB kinase/NF-kappaB signaling,0.0163144659337305
1847,1285,3.08515063400209e-11,5,160,GO:0043269,regulation of ion transport,8.96236259177607e-09
1851,886,0.0144048162258612,2,45,GO:0043279,response to alkaloid,0.0909695459481017
1858,895,0.00155919908211822,2,74,GO:0043393,regulation of protein binding,0.0181906559580459
1860,694,0.00578472293581279,2,94,GO:0043405,regulation of MAP kinase activity,0.0482054837890999
1861,870,0.00391576596485894,3,65,GO:0043406,positive regulation of MAP kinase activity,0.0357713840500479
1863,760,2.47134117512685e-06,5,232,GO:0043408,regulation of MAPK cascade,0.000110449940211438
1865,827,4.38201089055347e-05,5,146,GO:0043410,positive regulation of MAPK cascade,0.00120091902236395
1867,-2669,0.0035693553840595,3,7,GO:0043420,anthranilate metabolic process,0.0335383885930612
1869,626,0.00881305000203595,2,104,GO:0043434;GO:1901652,response to peptide,0.064895581228426
1893,-1077,5.02592846802196e-05,2,84,GO:0043603,cellular amide metabolic process,0.00129317062122288
1902,-977,0.00240466815518481,5,57,GO:0043648,dicarboxylic acid metabolic process,0.0256822095250436
1904,-1335,0.000120363197498026,2,49,GO:0043687,post-translational protein modification,0.0026691228147463
1916,980,2.74125731129687e-05,2,109,GO:0044057,regulation of system process,0.000788450741516575
1921,-820,0.0124070756075281,4,55,GO:0044242,cellular lipid catabolic process,0.0832391562121689
1923,-369,1.6781448666053e-05,2,894,GO:0044248,cellular catabolic process,0.00054775402668409
1924,-500,0.000212228014218394,2,335,GO:0044255,cellular lipid metabolic process,0.00413773410271433
1926,-845,0.00246047026397098,3,76,GO:0044262,cellular carbohydrate metabolic process,0.0258038487972408
1927,-1180,0.00886483799781092,2,29,GO:0044264,cellular polysaccharide metabolic process,0.064895581228426
1929,-811,0.00347033609522245,2,77,GO:0044272,sulfur compound biosynthetic process,0.0330425171181718
1938,748,0.000322662465003194,2,138,GO:0044708,single-organism behavior,0.00561278120260047
1939,-538,1.08519602317848e-06,2,513,GO:0044711,single-organism biosynthetic process,5.53069201286576e-05
1940,-485,5.66167712350689e-07,2,679,GO:0044712,single-organism catabolic process,3.04577260070139e-05
1941,-742,2.643765871252e-07,3,293,GO:0044723,single-organism carbohydrate metabolic process,1.7066977457749e-05
1942,-975,0.00497266026143534,2,49,GO:0044724,single-organism carbohydrate catabolic process,0.0428652167936785
1943,-1501,0.0107176808907083,5,17,GO:0044743;GO:0065002,intracellular protein transmembrane transport,0.0748434206430472
1948,-433,0.0138041122426501,2,194,GO:0044802;GO:0061024,membrane organization,0.0883280750328162
1950,-2234,0.0147354135466518,3,7,GO:0045010,actin nucleation,0.0922551214504816
1966,-344,0.000844845047929969,2,593,GO:0045184;GO:0015031,establishment of protein localization,0.0115767682275309
1981,-1590,9.07669413147034e-06,2,46,GO:0045454,cell redox homeostasis,0.000329597455649017
1982,1345,0.00240175430759189,2,30,GO:0045471,response to ethanol,0.0256822095250436
1984,1550,0.000127668121651055,3,36,GO:0045494,photoreceptor cell maintenance,0.00280966585906299
1987,506,2.48355610299359e-05,2,429,GO:0045595,regulation of cell differentiation,0.000721473047919638
1988,649,0.000117391174865166,2,212,GO:0045596;GO:0051093,negative regulation of developmental process,0.00264357645723494
1991,1957,0.0154466997885406,2,9,GO:0045599,negative regulation of fat cell differentiation,0.0950692010290475
2004,866,0.0117220634317928,2,50,GO:0045667,regulation of osteoblast differentiation,0.07956213614336
2022,2680,0.00675901116884742,2,6,GO:0045760;GO:0098900,regulation of action potential,0.0526405561541602
2023,1823,1.18868741597708e-05,2,34,GO:0045761;GO:0031279;GO:0051339,regulation of cyclase activity,0.000411707079110459
2024,1610,0.00790683096607224,4,16,GO:0045762;GO:0031281;GO:0051349,positive regulation of lyase activity,0.0599721774319579
2025,1218,0.000118978048420863,2,59,GO:0045765;GO:1901342,regulation of vasculature development,0.00265870177432775
2026,1461,0.000801166093171943,4,31,GO:0045766,positive regulation of angiogenesis,0.0112434178776063
2034,2445,0.00433725805570119,5,8,GO:0045806,negative regulation of endocytosis,0.0385312986293944
2037,2040,0.00356660074871488,2,12,GO:0045823,positive regulation of heart contraction,0.0335383885930612
2044,610,2.99930124264163e-06,2,359,GO:0045859;GO:0001932;GO:0043549;GO:0051338,regulation of protein phosphorylation,0.000128131913380499
2045,546,0.00243635802726352,6,185,GO:0045860;GO:0033674;GO:0051347,positive regulation of transferase activity,0.0257368002516383
2050,476,0.000395078184983732,5,339,GO:0045892;GO:1902679;GO:0051253;GO:0045934;GO:0051172,negative regulation of nitrogen compound metabolic process,0.00638054282277736
2061,2082,0.00662091349512219,3,10,GO:0045933;GO:0045987,positive regulation of smooth muscle contraction,0.051983118117108
2062,975,2.87941405801657e-10,2,253,GO:0045944,positive regulation of transcription from RNA polymerase II promoter,5.57646522569209e-08
2066,1207,0.000854874739518855,3,45,GO:0045995,regulation of embryonic development,0.0116047248518798
2072,2000,0.00426337982064719,2,12,GO:0046068,cGMP metabolic process,0.038108056550708
2075,-811,0.0118154506595751,2,57,GO:0046129;GO:0042451;GO:0042455;GO:0009163;GO:1901659,glycosyl compound biosynthetic process,0.0800090540001531
2087,-1715,0.00119688683759925,3,21,GO:0046348;GO:0006032;GO:1901072,amino sugar catabolic process,0.0149227505880071
2088,-600,0.000240482748777703,3,226,GO:0046394;GO:0016053;GO:0044283,small molecule biosynthetic process,0.00453637912467031
2089,-1013,5.45785077082956e-07,4,146,GO:0046395;GO:0016054;GO:0044282,small molecule catabolic process,3.01323116519336e-05
2090,-2621,0.00808144516457297,2,6,GO:0046415,urate metabolic process,0.0609781771508688
2104,778,0.00632562000474026,3,73,GO:0046578,regulation of Ras protein signal transduction,0.0510442392049179
2121,969,0.000244944977392585,7,85,GO:0046777,protein autophosphorylation,0.00455024556948995
2128,2971,0.000527621037963898,2,8,GO:0046849,bone remodeling,0.0081964658571397
2144,-1129,0.00667981355576531,3,34,GO:0048002;GO:0019882;GO:0002478;GO:0019884,antigen processing and presentation,0.0523042004838227
2148,1632,0.0152573710731767,2,13,GO:0048013,ephrin receptor signaling pathway,0.0947175109100331
2157,2575,0.00926942117217649,4,6,GO:0048149,behavioral response to ethanol,0.0673191712629318
2163,-2349,0.00612009211423262,2,8,GO:0048208,COPII vesicle coating,0.0500813171601289
2166,1568,0.012251235499579,4,15,GO:0048265,response to pain,0.0823838868663819
2176,1100,4.80506012134579e-05,1,81,GO:0048511,rhythmic process,0.00128658742852243
2177,658,2.96879104525087e-08,3,440,GO:0048513,organ development,2.61343575347084e-06
2192,1284,0.0153167947652475,2,21,GO:0048588,developmental cell growth,0.0947945653925119
2197,575,0.000325601670125915,2,236,GO:0048598,embryonic morphogenesis,0.00563019554592728
2202,992,0.000841858723944923,2,67,GO:0048638,regulation of developmental growth,0.0115767682275309
2212,1221,0.000114553728499014,4,59,GO:0048666,neuron development,0.00259983266632528
2219,1018,0.00494421688838182,4,45,GO:0048705,skeletal system morphogenesis,0.0427468751808012
2226,450,0.00136810877953256,3,309,GO:0048731,system development,0.0164071087268504
2233,1235,0.000375586368428769,4,49,GO:0048754;GO:0061138;GO:0001763,morphogenesis of a branching structure,0.00616428474737612
2241,989,0.00628837215126501,2,45,GO:0048814;GO:0050773,regulation of dendrite development,0.0508850169900414
2255,536,0.00129954613582237,2,217,GO:0048878,chemical homeostasis,0.0159965318837457
2281,509,0.0057912956428213,2,176,GO:0050767;GO:0045664,regulation of neurogenesis,0.0482054837890999
2288,659,0.00296487891692264,2,121,GO:0050776,regulation of immune response,0.0297428585631532
2290,914,0.000983526199247808,2,77,GO:0050778,positive regulation of immune response,0.0128123031785421
2291,407,1.85953822015465e-06,2,902,GO:0050790;GO:0065009,regulation of molecular function,8.57453734849089e-05
2292,567,1.60692292587013e-08,3,631,GO:0050793;GO:2000026,regulation of developmental process,1.53024664568502e-06
2293,1162,0.00117291629539872,4,46,GO:0050795,regulation of behavior,0.0147804847931389
2294,568,0.00314270322925089,2,162,GO:0050801;GO:0055065;GO:0055080,ion homeostasis,0.0304318429365795
2296,630,0.00937011223261016,2,101,GO:0050804,regulation of synaptic transmission,0.0674870695474164
2298,1414,0.0133596817984259,3,18,GO:0050806,positive regulation of synaptic transmission,0.0866291866616679
2314,747,2.59584718971293e-07,4,289,GO:0050877,neurological system process,1.7066977457749e-05
2320,1522,0.000169323881653137,3,36,GO:0050906,detection of stimulus involved in sensory perception,0.00348855231349194
2321,1669,0.00161278472591863,2,21,GO:0050907,detection of chemical stimulus involved in sensory perception,0.0187405585151745
2327,1128,0.00858927707124846,2,32,GO:0050920,regulation of chemotaxis,0.0636526782958591
2328,1457,0.0108144571328396,2,18,GO:0050921;GO:0048520,positive regulation of chemotaxis,0.0753381246304533
2334,1648,4.95464056878353e-07,2,55,GO:0050982,detection of mechanical stimulus,2.82220212790513e-05
2344,636,1.02517129732606e-07,2,433,GO:0051049,regulation of transport,8.27256282981168e-06
2346,785,0.00491781702036775,2,76,GO:0051051,negative regulation of transport,0.0426455475945323
2351,930,0.000147336648376383,2,99,GO:0051056,regulation of small GTPase mediated signal transduction,0.00316608061232854
2352,834,0.000314641511842744,2,111,GO:0051090,regulation of sequence-specific DNA binding transcription factor activity,0.00550622645724802
2353,1060,0.000362851718454155,2,67,GO:0051091,positive regulation of sequence-specific DNA binding transcription factor activity,0.00605072711266358
2355,435,0.00351681190233082,2,273,GO:0051094,positive regulation of developmental process,0.0332779758184724
2357,792,0.000983216920887322,2,103,GO:0051098,regulation of binding,0.0128123031785421
2383,589,3.73711470672245e-10,3,727,GO:0051239,regulation of multicellular organismal process,6.78519888939295e-08
2384,818,1.38597935762799e-05,2,169,GO:0051240,positive regulation of multicellular organismal process,0.000462789659070036
2397,1449,0.00618625567644502,2,21,GO:0051293,establishment of spindle localization,0.0504805414046988
2404,-1545,0.00225840062122088,2,23,GO:0051340;GO:0051351;GO:0051438;GO:0051443,regulation of ligase activity,0.0243890476009169
2411,-2606,0.000364501633292987,4,11,GO:0051439;GO:0051437,regulation of ubiquitin-protein ligase activity involved in mitotic cell cycle,0.00605072711266358
2413,1176,0.00539049427016392,3,33,GO:0051480;GO:0007204,cytosolic calcium ion homeostasis,0.0457876779380883
2451,1036,0.000653267993624801,4,64,GO:0051865,protein autoubiquitination,0.00960511708131251
2457,1254,0.00167785111030311,2,37,GO:0051899,membrane depolarization,0.0192654445669191
2459,-3864,6.52889464668149e-06,2,8,GO:0051917;GO:0051919,regulation of fibrinolysis,0.00025288585264813
2465,494,0.000825405266314178,5,278,GO:0051960;GO:0060284,regulation of cell development,0.0114181061840128
2490,-881,7.36385523387917e-19,3,644,GO:0055114,oxidation-reduction process,5.34799986360475e-16
2492,1762,0.0159315861033537,2,11,GO:0060004,reflex,0.0966205796038466
2495,1586,0.000431779858523436,4,29,GO:0060026;GO:0060027;GO:2000050;GO:2000095,convergent extension,0.00685421032246219
2500,2058,0.0163332692011558,3,8,GO:0060045,positive regulation of cardiac muscle cell proliferation,0.0984401390650573
2506,2153,2.07571029593551e-05,2,23,GO:0060122,inner ear receptor stereocilium organization,0.000621643135019861
2512,831,0.00454331948352387,5,69,GO:0060271,cilium morphogenesis,0.0401165443757959
2514,1467,0.0126081004901927,6,17,GO:0060287,epithelial cilium movement involved in determination of left/right asymmetry,0.0840058071651601
2525,433,0.00583425829095889,4,245,GO:0060341,regulation of cellular localization,0.0484243438149588
2543,2023,0.00832965283692124,5,10,GO:0060479;GO:0060487,lung epithelial cell differentiation,0.0625262054037628
2550,1107,0.000242894543163865,3,65,GO:0060562;GO:0035239,tube morphogenesis,0.00455024556948995
2563,817,0.00303023901129885,2,78,GO:0060828,regulation of canonical Wnt signaling pathway,0.029758158881979
2574,-2218,0.000254367850428424,6,16,GO:0061077,chaperone-mediated protein folding,0.00467682661705425
2584,1579,0.00180018162684377,2,23,GO:0061387;GO:0030516,regulation of extent of cell growth,0.0202694869224076
2589,2140,0.0125037884564162,3,8,GO:0070059,intrinsic apoptotic signaling pathway in response to endoplasmic reticulum stress,0.0835023114158369
2599,2042,0.00773963523227931,3,10,GO:0070252,actin-mediated cell contraction,0.0590121793957255
2608,3445,0.00147838535683628,3,5,GO:0070498,interleukin-1-mediated signaling pathway,0.0173874876988235
2615,1437,2.61844576050107e-09,5,102,GO:0070588,calcium ion transmembrane transport,3.3072108409807e-07
2631,-703,0.00936134007773259,2,81,GO:0071103,DNA conformation change,0.0674870695474164
2635,-1494,0.00477692041448826,2,21,GO:0071158;GO:0006977;GO:0072431;GO:1902400;GO:1902402;GO:0072422;GO:1902403;GO:0072401;GO:0072413;GO:0072395,positive regulation of cell cycle arrest,0.0416725339462114
2640,-1830,0.00649503930037775,2,13,GO:0071230,cellular response to amino acid stimulus,0.0518354098010917
2653,564,0.00165558163436281,3,187,GO:0071363;GO:0070848,response to growth factor,0.0190851771739046
2692,1837,0.000964114724932966,6,19,GO:0071875,adrenergic receptor signaling pathway,0.0126730917462908
2694,863,5.85758471290113e-06,6,165,GO:0071900,regulation of protein serine/threonine kinase activity,0.00023966596607011
2696,976,8.00334228960829e-05,2,97,GO:0071902,positive regulation of protein serine/threonine kinase activity,0.00195311571175431
2697,1454,0.000269370882766677,7,37,GO:0071910;GO:0060993;GO:0003283;GO:0035469;GO:0071907;GO:0048496;GO:0071908;GO:0071909;GO:0072189,maintenance of organ identity,0.00489076509023248
2717,-1848,4.12307770281428e-05,2,29,GO:0072524;GO:0046496;GO:0019362,pyridine-containing compound metabolic process,0.00114071816444528
2722,-1309,0.00104380352313655,2,37,GO:0072593,reactive oxygen species metabolic process,0.0134766632653852
2727,434,0.00243415822403079,4,297,GO:0080134,regulation of response to stress,0.0257368002516383
2728,661,0.000735026250019771,2,156,GO:0080135,regulation of cellular response to stress,0.0105184790951105
2732,2009,0.00409505059047899,2,12,GO:0086010,membrane depolarization during action potential,0.0367164258189551
2736,-956,0.000851421945221474,3,72,GO:0090068,positive regulation of cell cycle process,0.0116047248518798
2765,-1365,0.00346382011673216,2,27,GO:0090288,negative regulation of cellular response to growth factor stimulus,0.0330425171181718
2784,2069,0.00095353711041754,2,15,GO:0097194,execution phase of apoptosis,0.0125910241171043
2790,841,0.00201154006649108,4,80,GO:0097305,response to alcohol,0.0222187220272114
2794,978,0.00183274589541233,3,60,GO:0098609,cell-cell adhesion,0.0205564742323275
2804,-366,5.59140107906135e-05,3,786,GO:1901135;GO:0019637,organophosphate metabolic process,0.00142482632760291
2805,-529,0.00764219842254166,2,152,GO:1901137,carbohydrate derivative biosynthetic process,0.0584225958354829
2808,-475,1.84606277112068e-05,3,509,GO:1901565,organonitrogen compound catabolic process,0.000582914385881041
2809,-489,0.000944122438479244,2,278,GO:1901566,organonitrogen compound biosynthetic process,0.0125236332592795
2810,-863,2.14478961511456e-06,6,181,GO:1901605,alpha-amino acid metabolic process,9.73533411235593e-05
2811,-1229,6.2931727210076e-06,3,80,GO:1901606;GO:0009063,cellular amino acid catabolic process,0.000247049550736852
2841,669,7.47798952244022e-09,3,464,GO:1902531,regulation of intracellular signal transduction,7.91781145889837e-07
2843,596,0.000149312579651983,4,245,GO:1902533,positive regulation of intracellular signal transduction,0.00316608061232854
2867,2545,0.000153926763012007,3,13,GO:2000167,regulation of planar cell polarity pathway involved in neural tube closure,0.00324026990253536
2882,1847,0.00317598065428892,8,15,GO:2000479,regulation of cAMP-dependent protein kinase activity,0.0306519063146489
